{
 "cupcakes" : [
   {
     "ID" : "c1",
     "ruta" : "./cupcakes.jpg",
    "nombre": "Cupcake de café",
    "precio": 1,
    "categorias":[
      "dulces", "salados"
    ],
    "descripcion": "Un cupcake delicioso",
     "etiquetas": [
       "café", "desayuno"
     ]
   },
   {
     "ID" : "c2",
     "ruta" : "./cupcakes.jpg",
    "nombre": "cupcake 2",
    "precio": 1,
    "categorias":[
      "dulces", "salados"
    ],
    "descripcion": "Un cupcake delicioso",
     "etiquetas": [
       "café", "desayuno"
     ]
   },
   {
     "ID" : "c3",
     "ruta" : "./cupcakes.jpg",
    "nombre": "c3 3 3 3 3",
    "precio": 1,
    "categorias":[
      "dulces", "salados"
    ],
    "descripcion": "Un cupcake delicioso",
     "etiquetas": [
       "café", "desayuno"
     ]
   } 
   
 ] 
  
}

